id,clave,manzana,lote,fraccionamiento_id,user_id,created_at,updated_at,deleted_at,uso_id,saldo_deudor,saldo_favor
1,FI-2-0,2,0,12,4,8/8/2025,8/22/2025,,1,0,0
2,FI-1-1,1,1,12,5,8/8/2025,8/8/2025,,1,0,0
3,FI-1-8a,1,8a,12,6,8/8/2025,8/8/2025,,1,0,0
4,FI-1-8B,1,8B,12,7,8/8/2025,8/8/2025,,1,0,0
5,FI-1-8E,1,8E,12,8,8/8/2025,8/8/2025,,1,0,0
6,FI-1-11A,1,11A,12,9,8/8/2025,8/8/2025,,1,0,0
7,FI-1-17C,1,17C,12,10,8/8/2025,8/8/2025,,1,0,0
8,FI-1-20A,1,20A,12,11,8/8/2025,8/8/2025,,1,0,0
9,FI-2-1,2,1,12,12,8/8/2025,8/8/2025,,1,0,0
10,FI-2-5,2,5,12,13,8/8/2025,8/8/2025,,1,0,0
11,FI-2-10,2,10,12,14,8/8/2025,8/8/2025,,1,0,0
12,FI-2-18,2,18,12,15,8/8/2025,8/8/2025,,1,0,0
13,FI-2-19,2,19,12,16,8/8/2025,8/8/2025,,1,0,0
14,FI-2-21,2,21,12,17,8/8/2025,8/8/2025,,1,0,0
15,FI-2A-1,2A,1,12,18,8/8/2025,8/8/2025,,1,0,0
16,FI-2A-9,2A,9,12,19,8/8/2025,8/8/2025,,1,0,0
17,FI-2B-1,2B,1,12,20,8/8/2025,8/8/2025,,1,0,0
18,FI-2B-2,2B,2,12,21,8/8/2025,8/8/2025,,1,0,0
19,FI-2B-3,2B,3,12,22,8/8/2025,8/8/2025,,1,0,0
20,FI-2B-5,2B,5,12,23,8/8/2025,8/8/2025,,1,0,0
21,FI-3-02B,3,02B,12,24,8/8/2025,8/8/2025,,1,0,0
22,FI-3-4,3,4,12,25,8/8/2025,8/8/2025,,1,0,0
23,FI-3-12,3,12,12,26,8/8/2025,8/8/2025,,1,0,0
24,FI-4-1,4,1,12,27,8/8/2025,8/8/2025,,1,0,0
25,FI-4-2A,4,2A,12,28,8/8/2025,8/8/2025,,1,0,0
26,FI-4-02B,4,02B,12,29,8/8/2025,8/8/2025,,1,0,0
27,FI-4-4,4,4,12,30,8/8/2025,8/8/2025,,1,0,0
28,FI-4-09A,4,09A,12,31,8/8/2025,8/8/2025,,1,0,0
29,FI-5-02B,5,02B,12,32,8/8/2025,8/8/2025,,1,0,0
30,FI-5-03B,5,03B,12,33,8/8/2025,8/8/2025,,1,0,0
31,FI-5-05A,5,05A,12,34,8/8/2025,8/8/2025,,1,0,0
32,FI-5-13B,5,13B,12,35,8/8/2025,8/8/2025,,1,0,0
33,FI-5-14A,5,14A,12,36,8/8/2025,8/8/2025,,1,0,0
34,FI-5-16,5,16,12,37,8/8/2025,8/8/2025,,1,0,0
35,FI-6-03B,6,03B,12,38,8/8/2025,8/8/2025,,1,0,0
36,FI-6-04B,6,04B,12,39,8/8/2025,8/8/2025,,1,0,0
37,FI-06-06B,06,06B,12,40,8/8/2025,8/8/2025,,1,0,0
38,FI-6-13,6,13,12,41,8/8/2025,8/8/2025,,1,0,0
39,FI-6-18B,6,18B,12,42,8/8/2025,8/8/2025,,1,0,0
40,FI-7-2,7,2,12,43,8/8/2025,8/8/2025,,1,0,0
41,FI-7-3,7,3,12,44,8/8/2025,8/8/2025,,1,0,0
42,FI-7-5,7,5,12,45,8/8/2025,8/8/2025,,1,0,0
43,FI-7-8,7,8,12,46,8/8/2025,8/8/2025,,1,0,0
44,FI-7-13,7,13,12,47,8/8/2025,8/8/2025,,1,0,0
45,FI-7-16,7,16,12,48,8/8/2025,8/8/2025,,1,0,0
46,FI-08A-2,08A,2,12,49,8/8/2025,8/8/2025,,1,0,0
47,FI-8-1A,8,1A,12,50,8/8/2025,8/8/2025,,1,0,0
48,FI-8-1B,8,1B,12,51,8/8/2025,8/8/2025,,1,0,0
49,FI-9-1,9,1,12,52,8/8/2025,8/8/2025,,1,0,0
50,FI-9-6,9,6,12,53,8/8/2025,8/8/2025,,1,0,0
51,FI-9-12,9,12,12,54,8/8/2025,8/8/2025,,1,0,0
52,FI-9-15,9,15,12,55,8/8/2025,8/8/2025,,1,0,0
53,FI-09A-6,09A,6,12,56,8/8/2025,8/8/2025,,1,0,0
54,FI-9A-8,9A,8,12,57,8/8/2025,8/8/2025,,1,0,0
55,FI-9A-10,9A,10,12,58,8/8/2025,8/8/2025,,1,0,0
56,FI-09a-11,09a,11,12,59,8/8/2025,8/8/2025,,1,0,0
57,FI-9A-13,9A,13,12,60,8/8/2025,8/8/2025,,1,0,0
58,FI-09A-15,09A,15,12,57,8/8/2025,8/8/2025,,1,0,0
59,FI-9A-21,9A,21,12,61,8/8/2025,8/8/2025,,1,0,0
60,FI-9B-1,9B,1,12,62,8/8/2025,8/8/2025,,1,0,0
61,FI-09B-2,09B,2,12,63,8/8/2025,8/8/2025,,1,0,0
62,FI-9B-7,9B,7,12,64,8/8/2025,8/8/2025,,1,0,0
63,FI-9B-8,9B,8,12,65,8/8/2025,8/8/2025,,1,0,0
64,FI-9C-1,9C,1,12,66,8/8/2025,8/8/2025,,1,0,0
65,FI-9C-2,9C,2,12,67,8/8/2025,8/8/2025,,1,0,0
66,FI-9C-6,9C,6,12,68,8/8/2025,8/8/2025,,1,0,0
67,FI-9C-7,9C,7,12,69,8/8/2025,8/8/2025,,1,0,0
68,FI-10-9B,10,9B,12,70,8/8/2025,8/8/2025,,1,0,0
69,FI-10-12B,10,12B,12,71,8/8/2025,8/8/2025,,1,0,0
70,FI-10-15,10,15,12,72,8/8/2025,8/8/2025,,1,0,0
71,FI-10-18B,10,18B,12,73,8/8/2025,8/8/2025,,1,0,0
72,FI-10-19B,10,19B,12,74,8/8/2025,8/8/2025,,1,0,0
73,FI-10-22A,10,22A,12,75,8/8/2025,8/8/2025,,1,0,0
74,FI-10-22B,10,22B,12,76,8/8/2025,8/8/2025,,1,0,0
75,FI-10-25A,10,25A,12,77,8/8/2025,8/8/2025,,1,0,0
76,FI-10-27B,10,27B,12,78,8/8/2025,8/8/2025,,1,0,0
77,FI-10-28A,10,28A,12,79,8/8/2025,8/8/2025,,1,0,0
78,FI-10-31B,10,31B,12,80,8/8/2025,8/8/2025,,1,0,0
79,FI-10-32A,10,32A,12,81,8/8/2025,8/8/2025,,1,0,0
80,FI-10-32B,10,32B,12,82,8/8/2025,8/8/2025,,1,0,0
81,FI-10-40A,10,40A,12,83,8/8/2025,8/8/2025,,1,0,0
82,FI-10-40B,10,40B,12,83,8/8/2025,8/8/2025,,1,0,0
83,FI-10-44A,10,44A,12,84,8/8/2025,8/8/2025,,1,0,0
84,FI-10-45,10,45,12,85,8/8/2025,8/8/2025,,1,0,0
85,FI-10-49A,10,49A,12,86,8/8/2025,8/8/2025,,1,0,0
86,FI-10-52A,10,52A,12,87,8/8/2025,8/8/2025,,1,0,0
87,FI-10-52B,10,52B,12,88,8/8/2025,8/8/2025,,1,0,0
88,FI-10-53A,10,53A,12,89,8/8/2025,8/8/2025,,1,0,0
89,FI-10-53B,10,53B,12,90,8/8/2025,8/8/2025,,1,0,0
90,FI-10-54A,10,54A,12,91,8/8/2025,8/8/2025,,1,0,0
91,FI-10-56B,10,56B,12,92,8/8/2025,8/8/2025,,1,0,0
92,FI-11-2,11,2,12,93,8/8/2025,8/8/2025,,1,0,0
93,FI-11-7,11,7,12,94,8/8/2025,8/8/2025,,1,0,0
94,FI-11-9,11,9,12,95,8/8/2025,8/8/2025,,1,0,0
95,FI-11-10,11,10,12,95,8/8/2025,8/8/2025,,1,0,0
96,FI-11-14,11,14,12,96,8/8/2025,8/8/2025,,1,0,0
97,FI-11-16,11,16,12,97,8/8/2025,8/8/2025,,1,0,0
98,FI-11-17,11,17,12,98,8/8/2025,8/8/2025,,1,0,0
99,HP-I-1-5,1,5,9,99,8/8/2025,8/8/2025,,1,0,0
100,HP-I-2-2,2,2,9,100,8/8/2025,8/8/2025,,1,0,0
101,HP-I-2-3,2,3,9,101,8/8/2025,8/8/2025,,1,0,0
102,HP-II-1-1C,1,1C,10,102,8/8/2025,8/8/2025,,1,0,0
103,HP-II-1-I-E,1,I-E,10,103,8/8/2025,8/8/2025,,1,0,0
104,HP-II-1-1-F,1,1-F,10,104,8/8/2025,8/8/2025,,1,0,0
105,HP-II-3-01.2-4,3,01.2-4,10,105,8/8/2025,8/8/2025,,1,0,0
106,HP-II-3-2.1,3,2.1,10,106,8/8/2025,8/8/2025,,1,0,0
107,HP-II-3-2,3,2,10,107,8/8/2025,8/8/2025,,1,0,0
108,HP-II-3-4,3,4,10,108,8/8/2025,8/8/2025,,1,0,0
109,HP-II-3-4B,3,4B,10,109,8/8/2025,8/8/2025,,1,0,0
110,AL-I-0-0,0,0,2,110,8/8/2025,8/8/2025,,1,0,0
111,AL-I-1-5,1,5,2,111,8/8/2025,8/8/2025,,1,0,0
112,AL-I-1-11,1,11,2,112,8/8/2025,8/8/2025,,1,0,0
113,AL-I-2-1,2,1,2,113,8/8/2025,8/8/2025,,1,0,0
114,AL-I-2-2,2,2,2,114,8/8/2025,8/8/2025,,1,0,0
115,AL-I-2-6,2,6,2,115,8/8/2025,8/8/2025,,1,0,0
116,AL-I-2-11,2,11,2,116,8/8/2025,8/8/2025,,1,0,0
117,AL-I-2-13,2,13,2,117,8/8/2025,8/8/2025,,1,0,0
118,AL-I-4-1,4,1,2,118,8/8/2025,8/8/2025,,1,0,0
119,AL-I-4-9,4,9,2,119,8/8/2025,8/8/2025,,1,0,0
120,AL-I-4-13,4,13,2,120,8/8/2025,8/8/2025,,1,0,0
121,AL-I-5-1,5,1,2,121,8/8/2025,8/8/2025,,1,0,0
122,AL-I-5-2,5,2,2,122,8/8/2025,8/8/2025,,1,0,0
123,AL-I-6-2,6,2,2,123,8/8/2025,8/8/2025,,1,0,0
124,AL-I-7-7,7,7,2,124,8/8/2025,8/8/2025,,1,0,0
125,AL-I-7-11,7,11,2,125,8/8/2025,8/8/2025,,1,0,0
126,AL-I-7-12,7,12,2,126,8/8/2025,8/8/2025,,1,0,0
127,AL-I-7-13,7,13,2,127,8/8/2025,8/8/2025,,1,0,0
128,AL-I-7-18,7,18,2,128,8/8/2025,8/8/2025,,1,0,0
129,AL-I-7-19,7,19,2,129,8/8/2025,8/8/2025,,1,0,0
130,AL-I-7-20,7,20,2,130,8/8/2025,8/8/2025,,1,0,0
131,AL-I-8-2,8,2,2,131,8/8/2025,8/8/2025,,1,0,0
132,AL-I-8-3,8,3,2,132,8/8/2025,8/8/2025,,1,0,0
133,AL-I-8-5,8,5,2,133,8/8/2025,8/8/2025,,1,0,0
134,AL-I-8-9,8,9,2,134,8/8/2025,8/8/2025,,1,0,0
135,AL-I-8-10,8,10,2,135,8/8/2025,8/8/2025,,1,0,0
136,AL-I-8-29,8,29,2,136,8/8/2025,8/8/2025,,1,0,0
137,AL-I-9-1,9,1,2,137,8/8/2025,8/8/2025,,1,0,0
138,AL-I-9-3,9,3,2,138,8/8/2025,8/8/2025,,1,0,0
139,AL-I-9-4,9,4,2,139,8/8/2025,8/8/2025,,1,0,0
140,AL-I-9-5,9,5,2,140,8/8/2025,8/8/2025,,1,0,0
141,AL-I-9-9,9,9,2,141,8/8/2025,8/8/2025,,1,0,0
142,AL-I-9-12,9,12,2,142,8/8/2025,8/8/2025,,1,0,0
143,AL-I-9-16,9,16,2,143,8/8/2025,8/8/2025,,1,0,0
144,AL-I-9-17,9,17,2,144,8/8/2025,8/8/2025,,1,0,0
145,AL-I-9-19,9,19,2,145,8/8/2025,8/8/2025,,1,0,0
146,AL-I-9-20,9,20,2,146,8/8/2025,8/8/2025,,1,0,0
147,AL-I-9-21,9,21,2,147,8/8/2025,8/8/2025,,1,0,0
148,AL-I-9-25,9,25,2,148,8/8/2025,8/8/2025,,1,0,0
149,AL-I-9-26,9,26,2,149,8/8/2025,8/8/2025,,1,0,0
150,AL-I-9-31,9,31,2,150,8/8/2025,8/8/2025,,1,0,0
151,AL-I-9-36,9,36,2,151,8/8/2025,8/8/2025,,1,0,0
152,AL-I-9-38,9,38,2,152,8/8/2025,8/8/2025,,1,0,0
153,AL-I-10-3,10,3,2,153,8/8/2025,8/8/2025,,1,0,0
154,AL-I-10-4,10,4,2,154,8/8/2025,8/8/2025,,1,0,0
155,AL-I-10-7,10,7,2,155,8/8/2025,8/8/2025,,1,0,0
156,AL-I-10-9,10,9,2,156,8/8/2025,8/8/2025,,1,0,0
157,AL-I-11-11,11,11,2,157,8/8/2025,8/8/2025,,1,0,0
158,AL-I-12-2,12,2,2,158,8/8/2025,8/8/2025,,1,0,0
159,AL-I-12-4,12,4,2,159,8/8/2025,8/8/2025,,1,0,0
160,AL-I-12-9,12,9,2,160,8/8/2025,8/8/2025,,1,0,0
161,AL-I-12-14,12,14,2,161,8/8/2025,8/8/2025,,1,0,0
162,AL-I-12-18,12,18,2,162,8/8/2025,8/8/2025,,1,0,0
163,AL-I-12-21,12,21,2,163,8/8/2025,8/8/2025,,1,0,0
164,AL-II-13-8,13,8,3,164,8/8/2025,8/8/2025,,1,0,0
165,AL-II-13-10,13,10,3,164,8/8/2025,8/8/2025,,1,0,0
166,AL-II-14-2,14,2,3,165,8/8/2025,8/8/2025,,1,0,0
167,AL-II-14-10,14,10,3,166,8/8/2025,8/8/2025,,1,0,0
168,AL-II-14-11,14,11,3,167,8/8/2025,8/8/2025,,1,0,0
169,AL-II-15-7,15,7,3,168,8/8/2025,8/8/2025,,1,0,0
170,AL-II-16-2,16,2,3,169,8/8/2025,8/8/2025,,1,0,0
171,AL-II-16-3,16,3,3,170,8/8/2025,8/8/2025,,1,0,0
172,AL-II-16-6,16,6,3,171,8/8/2025,8/8/2025,,1,0,0
173,AL-II-16-9,16,9,3,172,8/8/2025,8/8/2025,,1,0,0
174,AL-II-17-3,17,3,3,173,8/8/2025,8/8/2025,,1,0,0
175,AL-II-17-II ,17,II ,3,174,8/8/2025,8/8/2025,,1,0,0
176,AL-II-17-III,17,III,3,175,8/8/2025,8/8/2025,,1,0,0
177,AL-II-17-IV,17,IV,3,176,8/8/2025,8/8/2025,,1,0,0
178,AL-II-17-V,17,V,3,177,8/8/2025,8/8/2025,,1,0,0
179,AL-II-18-1,18,1,3,178,8/8/2025,8/8/2025,,1,0,0
180,AL-II-18-7,18,7,3,54,8/8/2025,8/8/2025,,1,0,0
181,AL-II-18-13,18,13,3,179,8/8/2025,8/8/2025,,1,0,0
182,AL-II-19-2,19,2,3,180,8/8/2025,8/8/2025,,1,0,0
183,AL-II-19-4,19,4,3,181,8/8/2025,8/8/2025,,1,0,0
184,AL-II-19-8,19,8,3,182,8/8/2025,8/8/2025,,1,0,0
185,AL-II-19-11,19,11,3,183,8/8/2025,8/8/2025,,1,0,0
186,AL-II-19-12,19,12,3,184,8/8/2025,8/8/2025,,1,0,0
187,AL-II-20-2,20,2,3,185,8/8/2025,8/8/2025,,1,0,0
188,AL-II-21-2,21,2,3,186,8/8/2025,8/8/2025,,1,0,0
189,AL-II-21-3,21,3,3,187,8/8/2025,8/8/2025,,1,0,0
190,AL-II-21-6,21,6,3,188,8/8/2025,8/8/2025,,1,0,0
191,AL-II-22-2,22,2,3,189,8/8/2025,8/8/2025,,1,0,0
192,AL-II-23-2,23,2,3,190,8/8/2025,8/8/2025,,1,0,0
193,AL-II-23-4,23,4,3,191,8/8/2025,8/8/2025,,1,0,0
194,AL-II-23-14,23,14,3,192,8/8/2025,8/8/2025,,1,0,0
195,AL-II-23-16,23,16,3,193,8/8/2025,8/8/2025,,1,0,0
196,AL-II-23-17,23,17,3,194,8/8/2025,8/8/2025,,1,0,0
197,AL-II-23-21,23,21,3,195,8/8/2025,8/8/2025,,1,0,0
198,BDL-U-1,U,1,40,196,8/8/2025,8/8/2025,,1,0,0
199,BDL-U-3,U,3,40,197,8/8/2025,8/8/2025,,1,0,0
200,BDL-U-7,U,7,40,198,8/8/2025,8/8/2025,,1,0,0
201,BDL-U-9,U,9,40,199,8/8/2025,8/8/2025,,1,0,0
202,BDL-U-12,U,12,40,200,8/8/2025,8/8/2025,,1,0,0
203,BDL-U-18,U,18,40,201,8/8/2025,8/8/2025,,1,0,0
204,BDL-U-25,U,25,40,202,8/8/2025,8/8/2025,,1,0,0
205,BDL-U-32,U,32,40,203,8/8/2025,8/8/2025,,1,0,0
206,BDL-U-34,U,34,40,204,8/8/2025,8/8/2025,,1,0,0
207,BDL-U-35,U,35,40,205,8/8/2025,8/8/2025,,1,0,0
208,BDL-U-38,U,38,40,206,8/8/2025,8/8/2025,,1,0,0
209,BDL-U-39,U,39,40,207,8/8/2025,8/8/2025,,1,0,0
210,BDL-U-42,U,42,40,208,8/8/2025,8/8/2025,,1,0,0
211,BDL-U-43,U,43,40,209,8/8/2025,8/8/2025,,1,0,0
212,BV-U-2,U,2,41,210,8/8/2025,8/8/2025,,1,0,0
213,BV-U-4,U,4,41,211,8/8/2025,8/8/2025,,1,0,0
214,BV-U-8,U,8,41,212,8/8/2025,8/8/2025,,1,0,0
215,BV-U-12,U,12,41,213,8/8/2025,8/8/2025,,1,0,0
216,BV-U-15,U,15,41,214,8/8/2025,8/8/2025,,1,0,0
217,BV-U-17,U,17,41,215,8/8/2025,8/8/2025,,1,0,0
218,BV-U-19,U,19,41,216,8/8/2025,8/8/2025,,1,0,0
219,BV-II-II-1,II,1,42,217,8/8/2025,8/8/2025,,1,0,0
220,BV-II-II-2,II,2,42,218,8/8/2025,8/8/2025,,1,0,0
221,BV-II-II-4,II,4,42,219,8/8/2025,8/8/2025,,1,0,0
222,BV-II-II-5,II,5,42,220,8/8/2025,8/8/2025,,1,0,0
223,BV-II-II-6,II,6,42,221,8/8/2025,8/8/2025,,1,0,0
224,BV-II-II-7,II,7,42,222,8/8/2025,8/8/2025,,1,0,0
225,BV-II-II-8,II,8,42,223,8/8/2025,8/8/2025,,1,0,0
226,BV-II-II-9,II,9,42,224,8/8/2025,8/8/2025,,1,0,0
227,BV-II-II-11,II,11,42,225,8/8/2025,8/8/2025,,1,0,0
228,BV-II-II-13,II,13,42,226,8/8/2025,8/8/2025,,1,0,0
229,BV-II-II-20,II,20,42,227,8/8/2025,8/8/2025,,1,0,0
230,BV-II-II-21,II,21,42,228,8/8/2025,8/8/2025,,1,0,0
231,BV-II-II-22,II,22,42,229,8/8/2025,8/8/2025,,1,0,0
232,BV-II-II-26,II,26,42,230,8/8/2025,8/8/2025,,1,0,0
233,BV-II-II-27,II,27,42,231,8/8/2025,8/8/2025,,1,0,0
234,BV-II-II-28,II,28,42,232,8/8/2025,8/8/2025,,1,0,0
235,BV-II-II-29,II,29,42,233,8/8/2025,8/8/2025,,1,0,0
236,BV-II-II-30,II,30,42,234,8/8/2025,8/8/2025,,1,0,0
237,RF-1-3,1,3,43,235,8/8/2025,8/8/2025,,1,0,0
238,RF--,,,43,236,8/8/2025,8/8/2025,,1,0,0
239,CD-1-3,1,3,6,237,8/8/2025,8/8/2025,,1,0,0
240,CD-1-10,1,10,6,238,8/8/2025,8/8/2025,,1,0,0
241,CD-1-13,1,13,6,239,8/8/2025,8/8/2025,,1,0,0
242,CD-1-14,1,14,6,240,8/8/2025,8/8/2025,,1,0,0
243,CD-1-21,1,21,6,241,8/8/2025,8/8/2025,,1,0,0
244,CD-2-8,2,8,6,242,8/8/2025,8/8/2025,,1,0,0
245,CD-2-8A,2,8A,6,243,8/8/2025,8/8/2025,,1,0,0
246,CS-I-1-4,1,4,19,244,8/8/2025,8/8/2025,,1,0,0
247,CS-I-1-10,1,10,19,245,8/8/2025,8/8/2025,,1,0,0
248,CS-I-2-6,2,6,19,246,8/8/2025,8/8/2025,,1,0,0
249,CS-I-2-8,2,8,19,247,8/8/2025,8/8/2025,,1,0,0
250,CS-I-4-5,4,5,19,248,8/8/2025,8/8/2025,,1,0,0
251,CS-II-1-03A,1,03A,20,249,8/8/2025,8/8/2025,,1,0,0
252,CS-II-2-3,2,3,20,250,8/8/2025,8/8/2025,,1,0,0
253,CS-II-2-6,2,6,20,251,8/8/2025,8/8/2025,,1,0,0
254,CS-II-2-9,2,9,20,252,8/8/2025,8/8/2025,,1,0,0
255,CS-II-2-11,2,11,20,253,8/8/2025,8/8/2025,,1,0,0
256,CS-II-4-11,4,11,20,254,8/8/2025,8/8/2025,,1,0,0
257,CS-II-6-4,6,4,20,255,8/8/2025,8/8/2025,,1,0,0
258,EN1-2-11,2,11,7,256,8/8/2025,8/8/2025,,1,0,0
259,EN1-5-11,5,11,7,257,8/8/2025,8/8/2025,,1,0,0
260,EN1-5-17,5,17,7,258,8/8/2025,8/8/2025,,1,0,0
261,EN1-6-01B,6,01B,7,259,8/8/2025,8/8/2025,,1,0,0
262,EN1-6-6,6,6,7,260,8/8/2025,8/8/2025,,1,0,0
263,EN1-6-15,6,15,7,261,8/8/2025,8/8/2025,,1,0,0
264,EN1-6-19,6,19,7,262,8/8/2025,8/8/2025,,1,0,0
265,EN1-7-3,7,3,7,263,8/8/2025,8/8/2025,,1,0,0
266,EN1-7-5,7,5,7,264,8/8/2025,8/8/2025,,1,0,0
267,EN-II-u-1,u,1,17,265,8/8/2025,8/8/2025,,1,0,0
268,EN-II-U-4,U,4,17,266,8/8/2025,8/8/2025,,1,0,0
269,EN-II-u-8,u,8,17,267,8/8/2025,8/8/2025,,1,0,0
270,EU-U-7,U,7,18,268,8/8/2025,8/8/2025,,1,0,0
271,EU-U-14,U,14,18,269,8/8/2025,8/8/2025,,1,0,0
272,JY-7-4,7,4,25,270,8/8/2025,8/8/2025,,1,0,0
273,JY-7-16,7,16,25,271,8/8/2025,8/8/2025,,1,0,0
274,JY-07-22,07,22,25,272,8/8/2025,8/8/2025,,1,0,0
275,JY-8-1,8,1,25,273,8/8/2025,8/8/2025,,1,0,0
276,JY-8-4,8,4,25,274,8/8/2025,8/8/2025,,1,0,0
277,JY-8-5,8,5,25,275,8/8/2025,8/8/2025,,1,0,0
278,JY-8-6,8,6,25,276,8/8/2025,8/8/2025,,1,0,0
279,JY-8-7,8,7,25,277,8/8/2025,8/8/2025,,1,0,0
280,JY-8-12,8,12,25,278,8/8/2025,8/8/2025,,1,0,0
281,JY-9-1,9,1,25,279,8/8/2025,8/8/2025,,1,0,0
282,JY-9-9,9,9,25,280,8/8/2025,8/8/2025,,1,0,0
283,JY-10-26,10,26,25,281,8/8/2025,8/8/2025,,1,0,0
284,JY-10-43,10,43,25,282,8/8/2025,8/8/2025,,1,0,0
285,JY-10-46,10,46,25,283,8/8/2025,8/8/2025,,1,0,0
286,JY-11-4,11,4,25,284,8/8/2025,8/8/2025,,1,0,0
287,JY-11-10,11,10,25,285,8/8/2025,8/8/2025,,1,0,0
288,JY-11-13,11,13,25,286,8/8/2025,8/8/2025,,1,0,0
289,JY-11-23,11,23,25,287,8/8/2025,8/8/2025,,1,0,0
290,JY-12-25,12,25,25,288,8/8/2025,8/8/2025,,1,0,0
291,JY-14-9,14,9,25,289,8/8/2025,8/8/2025,,1,0,0
292,JY-17-6,17,6,25,290,8/8/2025,8/8/2025,,1,0,0
293,JY-18-4,18,4,25,291,8/8/2025,8/8/2025,,1,0,0
294,JY-19-3,19,3,25,292,8/8/2025,8/8/2025,,1,0,0
295,JY-19-6,19,6,25,293,8/8/2025,8/8/2025,,1,0,0
296,JY-19-7,19,7,25,294,8/8/2025,8/8/2025,,1,0,0
297,JY-19-10,19,10,25,295,8/8/2025,8/8/2025,,1,0,0
298,JY-19-17BIS,19,17BIS,25,296,8/8/2025,8/8/2025,,1,0,0
299,JY-20-2,20,2,25,297,8/8/2025,8/8/2025,,1,0,0
300,JY-21-6,21,6,25,298,8/8/2025,8/8/2025,,1,0,0
301,JY-22-21,22,21,25,299,8/8/2025,8/8/2025,,1,0,0
302,JY-22-26,22,26,25,300,8/8/2025,8/8/2025,,1,0,0
303,JY-23-16,23,16,25,301,8/8/2025,8/8/2025,,1,0,0
304,JY-23-17,23,17,25,302,8/8/2025,8/8/2025,,1,0,0
305,JY-23-22,23,22,25,303,8/8/2025,8/8/2025,,1,0,0
306,JY-27-2,27,2,25,304,8/8/2025,8/8/2025,,1,0,0
307,JY-27-10,27,10,25,305,8/8/2025,8/8/2025,,1,0,0
308,JY-27-12,27,12,25,306,8/8/2025,8/8/2025,,1,0,0
309,JY-27-18,27,18,25,307,8/8/2025,8/8/2025,,1,0,0
310,JY-27-21,27,21,25,308,8/8/2025,8/8/2025,,1,0,0
311,JY-27-31,27,31,25,309,8/8/2025,8/8/2025,,1,0,0
312,JY-27-32,27,32,25,310,8/8/2025,8/8/2025,,1,0,0
313,JY-27-35,27,35,25,311,8/8/2025,8/8/2025,,1,0,0
314,JY-27-36,27,36,25,312,8/8/2025,8/8/2025,,1,0,0
315,JY-27-40,27,40,25,313,8/8/2025,8/8/2025,,1,0,0
316,JY-27-41,27,41,25,314,8/8/2025,8/8/2025,,1,0,0
317,JY-27-42,27,42,25,315,8/8/2025,8/8/2025,,1,0,0
318,JY-27-46,27,46,25,316,8/8/2025,8/8/2025,,1,0,0
319,SCJ-1-16,1,16,33,317,8/8/2025,8/8/2025,,1,0,0
320,SCJ-3-6,3,6,33,318,8/8/2025,8/8/2025,,1,0,0
321,SCJ-5-1,5,1,33,319,8/8/2025,8/8/2025,,1,0,0
322,SCJ-5-3,5,3,33,320,8/8/2025,8/8/2025,,1,0,0
323,SCJ-5-6d,5,6d,33,321,8/8/2025,8/8/2025,,1,0,0
324,SCJ-5-7,5,7,33,322,8/8/2025,8/8/2025,,1,0,0
325,SCJ-6-13,6,13,33,323,8/8/2025,8/8/2025,,1,0,0
326,SCJ-7-14,7,14,33,324,8/8/2025,8/8/2025,,1,0,0
327,SCJ-8-15,8,15,33,325,8/8/2025,8/8/2025,,1,0,0
328,SCJ-9-2,9,2,33,326,8/8/2025,8/8/2025,,1,0,0
329,SCJ-9-7,9,7,33,327,8/8/2025,8/8/2025,,1,0,0
330,SCJ-9-16,9,16,33,328,8/8/2025,8/8/2025,,1,0,0
331,CH-1-8,1,8,39,329,8/8/2025,8/8/2025,,1,0,0
332,CH-1-12,1,12,39,330,8/8/2025,8/8/2025,,1,0,0
333,CH-1-13,1,13,39,331,8/8/2025,8/8/2025,,1,0,0
334,CH-1-14,1,14,39,332,8/8/2025,8/8/2025,,1,0,0
335,CH-04-2,04,2,39,333,8/8/2025,8/8/2025,,1,0,0
336,RS-1-1,1,1,45,334,8/8/2025,8/8/2025,,1,0,0
337,RS-1-2,1,2,45,335,8/8/2025,8/8/2025,,1,0,0
338,RVG-2-4,2,4,24,336,8/8/2025,8/8/2025,,1,0,0
339,RVG-4-8,4,8,24,337,8/8/2025,8/8/2025,,1,0,0
340,RVG-4-9,4,9,24,338,8/8/2025,8/8/2025,,1,0,0
341,RVG-5-8,5,8,24,339,8/8/2025,8/8/2025,,1,0,0
342,VC-1-31-A,1,31-A,46,340,8/8/2025,8/8/2025,,1,0,0
343,VC-1-30C-A,1,30C-A,46,341,8/8/2025,8/8/2025,,1,0,0
344,VC-1-30C-B,1,30C-B,46,342,8/8/2025,8/8/2025,,1,0,0
345,VC-1-30,1,30,46,343,8/8/2025,8/8/2025,,1,0,0
346,VC-1-29A,1,29A,46,344,8/8/2025,8/8/2025,,1,0,0
347,LS-1-1,1,1,47,345,8/8/2025,8/8/2025,,1,0,0
348,LS-1-10,1,10,47,346,8/8/2025,8/8/2025,,1,0,0
349,LS-1-13,1,13,47,347,8/8/2025,8/8/2025,,1,0,0
350,LS-1-19,1,19,47,348,8/8/2025,8/8/2025,,1,0,0
351,LS-1-20,1,20,47,349,8/8/2025,8/8/2025,,1,0,0
352,LS-1-22,1,22,47,350,8/8/2025,8/8/2025,,1,0,0
353,LS-1-25,1,25,47,351,8/8/2025,8/8/2025,,1,0,0
354,LS-2-12,2,12,47,352,8/8/2025,8/8/2025,,1,0,0
355,LS-2-18,2,18,47,353,8/8/2025,8/8/2025,,1,0,0
356,LS-3-2,3,2,47,354,8/8/2025,8/8/2025,,1,0,0
357,LS-3-4,3,4,47,355,8/8/2025,8/8/2025,,1,0,0
358,LS-3-5,3,5,47,356,8/8/2025,8/8/2025,,1,0,0
359,LS-3-7,3,7,47,357,8/8/2025,8/8/2025,,1,0,0
360,LS-3-10,3,10,47,358,8/8/2025,8/8/2025,,1,0,0
361,LS-4-6,4,6,47,359,8/8/2025,8/8/2025,,1,0,0
362,LS-4-19,4,19,47,360,8/8/2025,8/8/2025,,1,0,0
363,LS-4-21,4,21,47,361,8/8/2025,8/8/2025,,1,0,0
364,LS-4-22,4,22,47,362,8/8/2025,8/8/2025,,1,0,0
365,LS-4-24,4,24,47,363,8/8/2025,8/8/2025,,1,0,0
366,LS-5-10,5,10,47,364,8/8/2025,8/8/2025,,1,0,0
367,LS-5-16,5,16,47,365,8/8/2025,8/8/2025,,1,0,0
368,LS-5-17,5,17,47,366,8/8/2025,8/8/2025,,1,0,0
369,LS-6-1,6,1,47,367,8/8/2025,8/8/2025,,1,0,0
370,LS-6-8,6,8,47,368,8/8/2025,8/8/2025,,1,0,0
371,LS-06-10,06,10,47,369,8/8/2025,8/8/2025,,1,0,0
372,LS-6-15,6,15,47,370,8/8/2025,8/8/2025,,1,0,0
373,LS-7-13,7,13,47,371,8/8/2025,8/8/2025,,1,0,0
374,LN-0-0,0,0,48,372,8/8/2025,8/8/2025,,1,0,0
375,LN-2-4,2,4,48,373,8/8/2025,8/8/2025,,1,0,0
376,LN-2-10,2,10,48,374,8/8/2025,8/8/2025,,1,0,0
377,LN-3-04A,3,04A,48,375,8/8/2025,8/8/2025,,1,0,0
378,LN-3-14,3,14,48,376,8/8/2025,8/8/2025,,1,0,0
379,LN-3-18,3,18,48,377,8/8/2025,8/8/2025,,1,0,0
380,LN-9-8,9,8,48,378,8/8/2025,8/8/2025,,1,0,0
381,LN-9-16,9,16,48,379,8/8/2025,8/8/2025,,1,0,0
382,LN-10-2,10,2,48,380,8/8/2025,8/8/2025,,1,0,0
383,LN-10-14,10,14,48,381,8/8/2025,8/8/2025,,1,0,0
384,LN-10-17,10,17,48,382,8/8/2025,8/8/2025,,1,0,0
385,LN-11-1,11,1,48,383,8/8/2025,8/8/2025,,1,0,0
386,LN-11-2,11,2,48,384,8/8/2025,8/8/2025,,1,0,0
387,LN-11-6,11,6,48,385,8/8/2025,8/8/2025,,1,0,0
388,LN-11-10,11,10,48,386,8/8/2025,8/8/2025,,1,0,0
389,LN-11-11,11,11,48,387,8/8/2025,8/8/2025,,1,0,0
390,LN-11-14,11,14,48,388,8/8/2025,8/8/2025,,1,0,0
391,LN-11-19,11,19,48,389,8/8/2025,8/8/2025,,1,0,0
392,LN-11-21,11,21,48,390,8/8/2025,8/8/2025,,1,0,0
393,LN-11-24,11,24,48,389,8/8/2025,8/8/2025,,1,0,0
394,LN-12-4,12,4,48,391,8/8/2025,8/8/2025,,1,0,0
395,LN-12-9,12,9,48,392,8/8/2025,8/8/2025,,1,0,0
396,LN-12-11,12,11,48,393,8/8/2025,8/8/2025,,1,0,0
397,LN-13-8,13,8,48,394,8/8/2025,8/8/2025,,1,0,0
398,LN-13-11,13,11,48,395,8/8/2025,8/8/2025,,1,0,0
399,LN-13-13,13,13,48,396,8/8/2025,8/8/2025,,1,0,0
400,LN-14-1,14,1,48,397,8/8/2025,8/8/2025,,1,0,0
401,FR-0-0,0,0,26,398,8/8/2025,8/8/2025,,1,0,0
402,FR-1-1,1,1,26,399,8/8/2025,8/8/2025,,1,0,0
403,FR-1-2,1,2,26,400,8/8/2025,8/8/2025,,1,0,0
404,FR-2-48,2,48,26,401,8/8/2025,8/8/2025,,1,0,0
405,PC-II-1-4,1,4,50,402,8/8/2025,8/8/2025,,1,0,0
406,PC-II-1-11,1,11,50,403,8/8/2025,8/8/2025,,1,0,0
407,PC-II-1-19,1,19,50,404,8/8/2025,8/8/2025,,1,0,0
408,PC-II-1-27,1,27,50,405,8/8/2025,8/8/2025,,1,0,0
409,PC-II-1-28,1,28,50,405,8/8/2025,8/8/2025,,1,0,0
410,PC-II-1-29,1,29,50,406,8/8/2025,8/8/2025,,1,0,0
411,PC-II-1-34,1,34,50,407,8/8/2025,8/8/2025,,1,0,0
412,PC-II-1-36,1,36,50,408,8/8/2025,8/8/2025,,1,0,0
413,PC-II-1-37,1,37,50,409,8/8/2025,8/8/2025,,1,0,0
414,PC-II-1-40,1,40,50,410,8/8/2025,8/8/2025,,1,0,0
415,PC-II-1-43,1,43,50,411,8/8/2025,8/8/2025,,1,0,0
416,PC-II-1-44,1,44,50,412,8/8/2025,8/8/2025,,1,0,0
417,PC-II-1-45,1,45,50,413,8/8/2025,8/8/2025,,1,0,0
418,PC-II-1-51,1,51,50,414,8/8/2025,8/8/2025,,1,0,0
419,PC-II-1-53,1,53,50,415,8/8/2025,8/8/2025,,1,0,0
420,PC-II-1-64,1,64,50,416,8/8/2025,8/8/2025,,1,0,0
421,PC-II-1-65,1,65,50,417,8/8/2025,8/8/2025,,1,0,0
422,PC-II-1-76,1,76,50,358,8/8/2025,8/8/2025,,1,0,0
423,PC-II-1-77,1,77,50,418,8/8/2025,8/8/2025,,1,0,0
424,PC-II-2-1,2,1,50,419,8/8/2025,8/8/2025,,1,0,0
425,PC-II-2-12,2,12,50,420,8/8/2025,8/8/2025,,1,0,0
426,PC-II-2-15,2,15,50,421,8/8/2025,8/8/2025,,1,0,0
427,PC-II-2-17,2,17,50,422,8/8/2025,8/8/2025,,1,0,0
428,PC-II-2-25,2,25,50,423,8/8/2025,8/8/2025,,1,0,0
429,PC-II-3-8,3,8,50,424,8/8/2025,8/8/2025,,1,0,0
430,PC-II-3-17,3,17,50,425,8/8/2025,8/8/2025,,1,0,0
431,PC-II-3-30,3,30,50,426,8/8/2025,8/8/2025,,1,0,0
432,PC-II-4-4,4,4,50,427,8/8/2025,8/8/2025,,1,0,0
433,PC-II-4-9,4,9,50,428,8/8/2025,8/8/2025,,1,0,0
434,PC-II-4-12,4,12,50,429,8/8/2025,8/8/2025,,1,0,0
435,PC-II-4-17,4,17,50,430,8/8/2025,8/8/2025,,1,0,0
436,PC-II-4-18,4,18,50,430,8/8/2025,8/8/2025,,1,0,0
437,PC-II-5-2,5,2,50,431,8/8/2025,8/8/2025,,1,0,0
438,PC-III-1-1,1,1,51,432,8/8/2025,8/8/2025,,1,0,0
439,PC-III-1-5,1,5,51,433,8/8/2025,8/8/2025,,1,0,0
440,PC-III-1-6,1,6,51,434,8/8/2025,8/8/2025,,1,0,0
441,PC-III-1-7,1,7,51,435,8/8/2025,8/8/2025,,1,0,0
442,PC-III-1-8,1,8,51,436,8/8/2025,8/8/2025,,1,0,0
443,PC-III-1-9,1,9,51,437,8/8/2025,8/8/2025,,1,0,0
444,PC-III-1-10,1,10,51,438,8/8/2025,8/8/2025,,1,0,0
445,PC-III-1-11,1,11,51,439,8/8/2025,8/8/2025,,1,0,0
446,PC-III-1-12,1,12,51,440,8/8/2025,8/8/2025,,1,0,0
447,PC-III-1-13,1,13,51,441,8/8/2025,8/8/2025,,1,0,0
448,PC-III-1-18,1,18,51,442,8/8/2025,8/8/2025,,1,0,0
449,PC-III-1-19,1,19,51,443,8/8/2025,8/8/2025,,1,0,0
450,PC-III-1-20,1,20,51,444,8/8/2025,8/8/2025,,1,0,0
451,PC-III-1-21,1,21,51,445,8/8/2025,8/8/2025,,1,0,0
452,PC-III-1-22,1,22,51,446,8/8/2025,8/8/2025,,1,0,0
453,PC-III-1-26,1,26,51,447,8/8/2025,8/8/2025,,1,0,0
454,PC-III-1-27,1,27,51,448,8/8/2025,8/8/2025,,1,0,0
455,PC-III-1-28,1,28,51,449,8/8/2025,8/8/2025,,1,0,0
456,PC-III-1-29,1,29,51,450,8/8/2025,8/8/2025,,1,0,0
457,PC-III-1-30,1,30,51,451,8/8/2025,8/8/2025,,1,0,0
458,PC-III-1-35,1,35,51,452,8/8/2025,8/8/2025,,1,0,0
459,PC-III-1-36,1,36,51,453,8/8/2025,8/8/2025,,1,0,0
460,PC-III-1-37,1,37,51,454,8/8/2025,8/8/2025,,1,0,0
461,PC-III-1-39,1,39,51,455,8/8/2025,8/8/2025,,1,0,0
462,PC-III-1-40,1,40,51,456,8/8/2025,8/8/2025,,1,0,0
463,PC-III-1-41,1,41,51,457,8/8/2025,8/8/2025,,1,0,0
464,PC-III-1-42,1,42,51,458,8/8/2025,8/8/2025,,1,0,0
465,PC-III-1-43,1,43,51,459,8/8/2025,8/8/2025,,1,0,0
466,PC-III-1-45,1,45,51,460,8/8/2025,8/8/2025,,1,0,0
467,PC-III-1-47,1,47,51,461,8/8/2025,8/8/2025,,1,0,0
468,PC-III-1-48,1,48,51,462,8/8/2025,8/8/2025,,1,0,0
469,PC-III-1-49,1,49,51,463,8/8/2025,8/8/2025,,1,0,0
470,PC-III-1-50,1,50,51,464,8/8/2025,8/8/2025,,1,0,0
471,PC-III-1-52,1,52,51,465,8/8/2025,8/8/2025,,1,0,0
472,PC-III-1-53,1,53,51,466,8/8/2025,8/8/2025,,1,0,0
473,PC-III-1-55,1,55,51,467,8/8/2025,8/8/2025,,1,0,0
474,PC-III-1-56,1,56,51,468,8/8/2025,8/8/2025,,1,0,0
475,PC-III-1-57,1,57,51,469,8/8/2025,8/8/2025,,1,0,0
476,PC-III-3-1,3,1,51,470,8/8/2025,8/8/2025,,1,0,0
477,PC-III-3-2,3,2,51,471,8/8/2025,8/8/2025,,1,0,0
478,PC-III-3-5,3,5,51,472,8/8/2025,8/8/2025,,1,0,0
479,PC-III-3-12,3,12,51,473,8/8/2025,8/8/2025,,1,0,0
480,PC-III-3-13,3,13,51,474,8/8/2025,8/8/2025,,1,0,0
481,PC-III-3-14,3,14,51,475,8/8/2025,8/8/2025,,1,0,0
482,PC-III-3-18,3,18,51,476,8/8/2025,8/8/2025,,1,0,0
483,PC-III-3-21,3,21,51,477,8/8/2025,8/8/2025,,1,0,0
484,PC-III-3-23,3,23,51,478,8/8/2025,8/8/2025,,1,0,0
485,PC-III-3-33,3,33,51,479,8/8/2025,8/8/2025,,1,0,0
486,AL-I-2-3,2,3,2,480,8/8/2025,8/8/2025,,1,0,0
487,AL-I-3-2,3,2,2,481,8/8/2025,8/8/2025,,1,0,0
488,AL-II-14-13,14,13,3,482,8/8/2025,8/8/2025,,1,0,0
489,CD-1-16,1,16,6,483,8/8/2025,8/8/2025,,1,0,0
490,CS-0-0,0,0,38,484,8/8/2025,8/8/2025,,1,0,0
491,CS-II-1-6,1,6,20,485,8/8/2025,8/8/2025,,1,0,0
492,EN1-6-8,6,8,7,486,8/8/2025,8/8/2025,,1,0,0
493,EN1-8-5,8,5,7,487,8/8/2025,8/8/2025,,1,0,0
494,CH-1-6,1,6,39,488,8/8/2025,8/8/2025,,1,0,0
495,VC-1-29,1,29,46,489,8/8/2025,8/8/2025,,1,0,0
496,PC-III-1-38,1,38,51,490,8/8/2025,8/8/2025,,1,0,0
497,PC-III-2-6,2,6,51,491,8/8/2025,8/8/2025,,1,0,0
498,FI-2-20,2,20,12,492,8/8/2025,8/8/2025,,1,0,0
499,FI-3-8A,3,8A,12,493,8/8/2025,8/8/2025,,1,0,0
500,FI-11-11,11,11,12,494,8/8/2025,8/8/2025,,1,0,0
501,HP-I-2-1,2,1,9,495,8/8/2025,8/8/2025,,1,0,0
502,HP-II-1-1D,1,1D,10,496,8/8/2025,8/8/2025,,1,0,0
503,AL-I-1-2,1,2,2,497,8/8/2025,8/8/2025,,1,0,0
504,AL-II-21-4,21,4,3,498,8/8/2025,8/8/2025,,1,0,0
505,AL-II-23-18,23,18,3,499,8/8/2025,8/8/2025,,1,0,0
506,AL-II-23-23,23,23,3,500,8/8/2025,8/8/2025,,1,0,0
507,CD-1-2,1,2,6,501,8/8/2025,8/8/2025,,1,0,0
508,CS-I-4-2,4,2,19,502,8/8/2025,8/8/2025,,1,0,0
509,CS-II-5-2,5,2,20,503,8/8/2025,8/8/2025,,1,0,0
510,JY-1-5,1,5,25,504,8/8/2025,8/8/2025,,1,0,0
511,JY-16-8,16,8,25,505,8/8/2025,8/8/2025,,1,0,0
512,JY-8-13,8,13,25,506,8/8/2025,8/8/2025,,1,0,0
513,SCJ-7-18,7,18,33,507,8/8/2025,8/8/2025,,1,0,0
514,CH-1-16,1,16,39,508,8/8/2025,8/8/2025,,1,0,0
515,RVG-5-6,5,6,24,509,8/8/2025,8/8/2025,,1,0,0
516,LS-0-0,0,0,47,510,8/8/2025,8/8/2025,,1,0,0
517,PC-II-1-24,1,24,50,511,8/8/2025,8/8/2025,,1,0,0
518,PC-III-1-3,1,3,51,512,8/8/2025,8/8/2025,,1,0,0
519,PC-III-1-23,1,23,51,513,8/8/2025,8/8/2025,,1,0,0
520,PC-III-1-31,1,31,51,514,8/8/2025,8/8/2025,,1,0,0
521,CH--05-10,-05,10,39,518,8/20/2025,8/20/2025,,1,0,0
522,MA--U-200,-U,200,55,519,8/21/2025,8/21/2025,,1,0,0
523,AL-II-13-1,13,1,3,520,8/21/2025,8/21/2025,,1,0,0
524,PC-III-01-13,01,13,51,521,8/21/2025,8/21/2025,,1,0,0
